SLM,WLM,DAFLM,RFLM,CCLM,CVLM,SRM,WRM,DAFRM,RRM,CCRM,CVRM
0,0,1,0,0,0,0,0,1,0,0,0
0,0,0,1,0,0,0,0,1,0,0,0
0,0,0,1,0,0,0,1,0,0,0,0
0,0,1,0,0,0,0,0,1,0,0,0
0,0,0,1,0,0,0,1,0,0,0,0
0,0,1,0,0,0,0,0,0,0,1,0
0,0,0,0,0,1,0,0,0,0,1,0
0,0,1,0,0,0,0,0,0,0,1,0
0,0,0,1,0,0,0,0,1,0,0,0
0,0,1,0,0,0,0,0,0,0,0,1
0,0,1,0,0,0,0,0,0,0,0,1
0,0,0,0,1,0,0,1,0,0,0,0
0,0,0,1,0,0,0,1,0,0,0,0
0,0,1,0,0,0,0,0,0,1,0,0
0,0,0,1,0,0,0,1,0,0,0,0
0,0,0,1,0,0,0,0,0,0,0,1
0,0,0,0,1,0,0,1,0,0,0,0
0,0,0,0,1,0,0,0,0,0,1,0
0,0,1,0,0,0,0,0,0,0,0,1
0,0,0,1,0,0,0,1,0,0,0,0
0,0,0,1,0,0,0,0,0,0,1,0
0,0,0,1,0,0,0,0,1,0,0,0
0,0,0,1,0,0,0,1,0,0,0,0
0,0,0,1,0,0,0,0,0,0,0,1
0,0,1,0,0,0,0,0,0,0,1,0
0,0,0,0,1,0,0,0,0,0,1,0
0,0,1,0,0,0,0,0,0,0,0,1
0,0,1,0,0,0,0,0,0,0,1,0
0,0,0,1,0,0,0,0,0,1,0,0
0,0,1,0,0,0,0,0,1,0,0,0
0,0,1,0,0,0,0,1,0,0,0,0
0,0,0,1,0,0,0,0,0,0,0,1
0,0,0,0,0,1,0,0,0,0,0,1
0,0,0,1,0,0,0,0,1,0,0,0
0,0,1,0,0,0,0,0,0,0,1,0
0,0,1,0,0,0,0,0,0,0,1,0
0,0,0,1,0,0,0,0,0,0,1,0
0,0,0,1,0,0,0,0,0,0,1,0
0,0,0,1,0,0,0,0,1,0,0,0
0,0,1,0,0,0,0,1,0,0,0,0
0,0,1,0,0,0,0,1,0,0,0,0
0,0,0,1,0,0,0,0,0,0,1,0
1,0,0,0,0,0,0,0,0,0,0,1
0,0,1,0,0,0,0,0,0,0,1,0
0,0,1,0,0,0,0,0,0,0,0,1
0,0,0,1,0,0,0,1,0,0,0,0
0,0,1,0,0,0,0,0,0,0,0,1
0,0,0,1,0,0,0,0,0,0,1,0
0,0,1,0,0,0,0,0,0,0,1,0
0,0,1,0,0,0,0,1,0,0,0,0
0,0,0,1,0,0,0,1,0,0,0,0
0,0,0,1,0,0,0,0,0,1,0,0
0,0,0,1,0,0,0,0,0,0,0,1
0,0,0,0,1,0,0,0,0,0,0,1
0,0,1,0,0,0,0,0,1,0,0,0
0,0,0,1,0,0,0,1,0,0,0,0
0,0,0,1,0,0,0,0,0,0,1,0
0,0,1,0,0,0,0,0,1,0,0,0
0,0,0,0,0,1,0,0,0,1,0,0
0,0,0,0,0,1,0,0,0,0,1,0
0,0,0,1,0,0,0,1,0,0,0,0
0,0,0,1,0,0,0,0,1,0,0,0
0,0,0,1,0,0,0,1,0,0,0,0
0,0,0,1,0,0,0,0,0,0,1,0
0,0,0,1,0,0,0,0,0,0,0,1
0,0,0,1,0,0,0,0,1,0,0,0
0,0,0,1,0,0,0,0,1,0,0,0
0,0,0,1,0,0,0,0,1,0,0,0
0,0,1,0,0,0,0,0,1,0,0,0
0,0,0,0,1,0,0,0,1,0,0,0
0,0,0,1,0,0,0,0,0,0,1,0
0,0,0,1,0,0,0,0,1,0,0,0
0,0,1,0,0,0,0,0,0,0,1,0
0,0,0,1,0,0,0,0,1,0,0,0
0,0,0,0,0,1,0,0,1,0,0,0
0,0,1,0,0,0,0,0,0,0,1,0
0,0,0,1,0,0,0,0,1,0,0,0
0,0,0,1,0,0,0,0,1,0,0,0
0,0,0,1,0,0,0,1,0,0,0,0
0,0,0,1,0,0,0,0,0,1,0,0
1,0,0,0,0,0,0,0,0,0,1,0
0,0,0,1,0,0,0,0,0,0,0,1
0,0,1,0,0,0,0,0,0,0,1,0
0,0,0,1,0,0,0,1,0,0,0,0
0,0,0,0,0,1,0,0,0,0,0,1
0,0,0,0,0,1,0,0,0,1,0,0
0,0,0,0,1,0,0,0,0,0,1,0
0,0,0,0,0,1,0,0,0,0,0,1
0,0,0,1,0,0,0,1,0,0,0,0
0,0,1,0,0,0,0,0,0,0,0,1
0,0,0,0,1,0,0,0,1,0,0,0
0,0,0,0,1,0,0,0,0,0,0,1
0,0,0,1,0,0,0,0,0,0,1,0
0,0,0,1,0,0,0,0,0,0,1,0
0,0,1,0,0,0,0,0,1,0,0,0
0,0,1,0,0,0,0,0,0,0,0,1
0,0,0,1,0,0,0,0,1,0,0,0
1,0,0,0,0,0,0,0,0,1,0,0
0,0,0,1,0,0,0,0,1,0,0,0
0,0,1,0,0,0,0,0,0,0,0,1
0,0,1,0,0,0,0,1,0,0,0,0
0,0,0,1,0,0,0,0,0,0,0,1
0,0,0,0,0,1,0,1,0,0,0,0
0,0,1,0,0,0,0,0,1,0,0,0
0,0,0,0,0,1,0,0,0,0,0,1
0,0,0,1,0,0,0,0,0,0,0,1
0,0,1,0,0,0,0,0,0,0,0,1
0,0,0,1,0,0,0,0,0,0,0,1
0,0,0,0,0,1,0,0,0,0,1,0
0,0,0,1,0,0,0,0,0,1,0,0
0,0,0,0,1,0,0,0,0,1,0,0
0,0,1,0,0,0,0,0,1,0,0,0
0,0,0,0,0,1,0,0,0,0,1,0
0,0,0,0,1,0,0,0,0,0,1,0
0,0,0,1,0,0,0,0,1,0,0,0
0,0,1,0,0,0,0,0,0,0,0,1
0,0,0,1,0,0,0,0,1,0,0,0
0,0,0,0,1,0,0,1,0,0,0,0
0,0,1,0,0,0,0,0,0,0,1,0
0,1,0,0,0,0,0,1,0,0,0,0
0,0,0,1,0,0,0,0,0,0,0,1
0,0,0,1,0,0,0,1,0,0,0,0
0,0,0,0,1,0,0,0,0,1,0,0
